{"name":"0a61b494-9663-47ed-b5c2-7189072194f5","id":"/providers/Microsoft.Flow/flows/0a61b494-9663-47ed-b5c2-7189072194f5","type":"Microsoft.Flow/flows","properties":{"apiId":"/providers/Microsoft.PowerApps/apis/shared_logicflows","displayName":"My Calendar Manager","definition":{"metadata":{"workflowEntityId":null,"flowclientsuspensionreason":"None","flowclientsuspensiontime":null,"creator":{"id":"69818770-33b7-4e5a-a86e-8a6e143ea632","type":"User","tenantId":"e7c2636d-5c4a-4ba7-ae8e-27ea704dddb8"},"provisioningMethod":"FromDefinition","failureAlertSubscription":true,"clientLastModifiedTime":"2020-11-26T07:00:09.3248216Z"},"$schema":"https://schema.management.azure.com/providers/Microsoft.Logic/schemas/2016-06-01/workflowdefinition.json#","contentVersion":"1.0.0.0","parameters":{"$connections":{"defaultValue":{},"type":"Object"},"$authentication":{"defaultValue":{},"type":"SecureObject"}},"triggers":{"When_a_new_event_is_created_(V3)":{"recurrence":{"frequency":"Minute","interval":5},"splitOn":"@triggerOutputs()?['body/value']","type":"OpenApiConnection","inputs":{"host":{"apiId":"/providers/Microsoft.PowerApps/apis/shared_office365","connectionName":"shared_office365","operationId":"CalendarGetOnNewItemsV3"},"parameters":{"table":"AAMkAGE2OWQxM2YyLTUwZTEtNDhkZS05NzI2LWY0NTk4ZGFlMTk5NQBGAAAAAAChCVKlZCBbTraj6demtlXRBwDw_Pi7mM_sQosKf829A8aRAAAAAAEGAADw_Pi7mM_sQosKf829A8aRAAAAAH5WAAA="},"authentication":"@parameters('$authentication')"}}},"actions":{"Get_event_(V3)":{"runAfter":{},"type":"OpenApiConnection","inputs":{"host":{"apiId":"/providers/Microsoft.PowerApps/apis/shared_office365","connectionName":"shared_office365","operationId":"V3CalendarGetItem"},"parameters":{"table":"AAMkAGE2OWQxM2YyLTUwZTEtNDhkZS05NzI2LWY0NTk4ZGFlMTk5NQBGAAAAAAChCVKlZCBbTraj6demtlXRBwDw_Pi7mM_sQosKf829A8aRAAAAAAEGAADw_Pi7mM_sQosKf829A8aRAAAAAH5WAAA=","id":"@triggerOutputs()?['body/id']"},"authentication":"@parameters('$authentication')"}},"Get_calendar_view_of_events_(V3)":{"runAfter":{"Get_event_(V3)":["Succeeded"]},"type":"OpenApiConnection","inputs":{"host":{"apiId":"/providers/Microsoft.PowerApps/apis/shared_office365","connectionName":"shared_office365","operationId":"GetEventsCalendarViewV3"},"parameters":{"calendarId":"AAMkAGE2OWQxM2YyLTUwZTEtNDhkZS05NzI2LWY0NTk4ZGFlMTk5NQBGAAAAAAChCVKlZCBbTraj6demtlXRBwDw_Pi7mM_sQosKf829A8aRAAAAAAEGAADw_Pi7mM_sQosKf829A8aRAAAAAH5WAAA=","startDateTimeUtc":"@outputs('Get_event_(V3)')?['body/start']","endDateTimeUtc":"@outputs('Get_event_(V3)')?['body/end']"},"authentication":"@parameters('$authentication')"}},"Filter_array":{"runAfter":{"Get_calendar_view_of_events_(V3)":["Succeeded"]},"type":"Query","inputs":{"from":"@outputs('Get_calendar_view_of_events_(V3)')?['body/value']","where":"@not(equals(item()?['id'], outputs('Get_event_(V3)')?['body/id']))"}},"Condition":{"actions":{"Respond_to_an_event_invite_(V2)":{"runAfter":{},"type":"OpenApiConnection","inputs":{"host":{"apiId":"/providers/Microsoft.PowerApps/apis/shared_office365","connectionName":"shared_office365","operationId":"RespondToEvent_V2"},"parameters":{"event_id":"@outputs('Get_event_(V3)')?['body/id']","response":"accept","body/Comment":"Looking forward to talk to you soon!","body/SendResponse":true},"authentication":"@parameters('$authentication')"}},"Post_a_message_as_the_Flow_bot_to_a_user":{"runAfter":{"Respond_to_an_event_invite_(V2)":["Succeeded"]},"type":"OpenApiConnection","inputs":{"host":{"apiId":"/providers/Microsoft.PowerApps/apis/shared_teams","connectionName":"shared_teams","operationId":"PostUserNotification"},"parameters":{"PostNotificationRequest/recipient/to":"admin@M365x716122.onmicrosoft.com;","PostNotificationRequest/messageBody":"@{outputs('Get_event_(V3)')?['body/subject']} organized by @{outputs('Get_event_(V3)')?['body/organizer']} is accepted and added in your calendar.","PostNotificationRequest/messageTitle":"Meeting accepted!"},"authentication":"@parameters('$authentication')"}}},"runAfter":{"Filter_array":["Succeeded"]},"else":{"actions":{"Get_calendar_view_of_events_(V3)_2":{"runAfter":{},"type":"OpenApiConnection","inputs":{"host":{"apiId":"/providers/Microsoft.PowerApps/apis/shared_office365","connectionName":"shared_office365","operationId":"GetEventsCalendarViewV3"},"parameters":{"calendarId":"AAMkAGE2OWQxM2YyLTUwZTEtNDhkZS05NzI2LWY0NTk4ZGFlMTk5NQBGAAAAAAChCVKlZCBbTraj6demtlXRBwDw_Pi7mM_sQosKf829A8aRAAAAAAEGAADw_Pi7mM_sQosKf829A8aRAAAAAH5WAAA=","startDateTimeUtc":"@outputs('Get_event_(V3)')?['body/end']","endDateTimeUtc":"@addDays(body('Get_event_(V3)')?['end'],1)"},"authentication":"@parameters('$authentication')"}},"Condition_2":{"actions":{"Respond_to_an_event_invite_(V2)_2":{"runAfter":{},"type":"OpenApiConnection","inputs":{"host":{"apiId":"/providers/Microsoft.PowerApps/apis/shared_office365","connectionName":"shared_office365","operationId":"RespondToEvent_V2"},"parameters":{"event_id":"@outputs('Get_event_(V3)')?['body/id']","response":"decline","body/Comment":"Hi, unfortunately there is a conflict in my calendar. So, I won't be able to join this meeting today. Can we meet any other day?","body/SendResponse":true},"authentication":"@parameters('$authentication')"}},"Post_a_message_as_the_Flow_bot_to_a_user_2":{"runAfter":{"Respond_to_an_event_invite_(V2)_2":["Succeeded"]},"type":"OpenApiConnection","inputs":{"host":{"apiId":"/providers/Microsoft.PowerApps/apis/shared_teams","connectionName":"shared_teams","operationId":"PostUserNotification"},"parameters":{"PostNotificationRequest/recipient/to":"admin@M365x716122.onmicrosoft.com;","PostNotificationRequest/messageBody":"@{outputs('Get_event_(V3)')?['body/subject']} organized by @{outputs('Get_event_(V3)')?['body/organizer']} is declined.","PostNotificationRequest/messageTitle":"Meeting declined!"},"authentication":"@parameters('$authentication')"}}},"runAfter":{"Get_calendar_view_of_events_(V3)_2":["Succeeded"]},"else":{"actions":{"Send_email_with_options":{"runAfter":{},"type":"OpenApiConnectionWebhook","inputs":{"host":{"apiId":"/providers/Microsoft.PowerApps/apis/shared_office365","connectionName":"shared_office365","operationId":"SendMailWithOptions"},"parameters":{"optionsEmailSubscription/Message/To":"@outputs('Get_event_(V3)')?['body/organizer']","optionsEmailSubscription/Message/Subject":"Tentative: Can we reschedule?","optionsEmailSubscription/Message/Options":"Yes, No","optionsEmailSubscription/Message/Body":"Hi, I have a conflict in my calendar, so I won't be able to make it in this time. But, I have some free slots at the same day. Would you be able to reschedule at your convenience, my calendar is up to date.","optionsEmailSubscription/Message/Importance":"Normal","optionsEmailSubscription/Message/HideHTMLMessage":false,"optionsEmailSubscription/Message/ShowHTMLConfirmationDialog":false},"authentication":"@parameters('$authentication')"}},"Post_a_message_as_the_Flow_bot_to_a_user_3":{"runAfter":{"Send_email_with_options":["Succeeded"]},"type":"OpenApiConnection","inputs":{"host":{"apiId":"/providers/Microsoft.PowerApps/apis/shared_teams","connectionName":"shared_teams","operationId":"PostUserNotification"},"parameters":{"PostNotificationRequest/recipient/to":"admin@M365x716122.onmicrosoft.com;","PostNotificationRequest/messageBody":"@{outputs('Get_event_(V3)')?['body/subject']} organized by @{outputs('Get_event_(V3)')?['body/organizer']} is conflicting with other meetings. We realized you have some availabilities in your calendar and asked @{outputs('Get_event_(V3)')?['body/organizer']} to reschedule.","PostNotificationRequest/messageTitle":"Reschedule requested!"},"authentication":"@parameters('$authentication')"}}}},"expression":{"greaterOrEquals":["@length(body('Get_calendar_view_of_events_(V3)_2')?['value'])",5]},"type":"If"}}},"expression":{"lessOrEquals":["@length(body('Filter_array'))",0]},"type":"If"}}},"connectionReferences":{"shared_office365":{"connectionName":"shared-office365-7e428ce7-26f0-4eba-8322-aa7f-3b0f995b","source":"Embedded","id":"/providers/Microsoft.PowerApps/apis/shared_office365","tier":"NotSpecified"},"shared_teams":{"connectionName":"shared-teams-89e7551e-c6c7-4b35-9308-4462-53b9d7fd","source":"Embedded","id":"/providers/Microsoft.PowerApps/apis/shared_teams","tier":"NotSpecified"}},"flowFailureAlertSubscribed":false}}